<?xml version="1.0" encoding="UTF-8"?>
<!DOCTYPE mapper PUBLIC "-//mybatis.org//DTD Mapper 3.0//EN" "http://mybatis.org/dtd/mybatis-3-mapper.dtd">

<mapper namespace="com.dao.GonggaoleixingDao">

	<!-- 可根据自己的需求，是否要使用 -->
    <resultMap type="com.entity.GonggaoleixingEntity" id="gonggaoleixingMap">
        <result property="gonggaoleixing" column="gonggaoleixing"/>
    </resultMap>

	<select id="selectListVO"
		resultType="com.entity.vo.GonggaoleixingVO" >
		SELECT * FROM gonggaoleixing  gonggaoleixing         
        <where> 1=1 ${ew.sqlSegment}</where>
	</select>
	
	<select id="selectVO"
		resultType="com.entity.vo.GonggaoleixingVO" >
		SELECT  gonggaoleixing.* FROM gonggaoleixing  gonggaoleixing 	
 		<where> 1=1 ${ew.sqlSegment}</where>
	</select>

    <select id="selectListView"
		resultType="com.entity.view.GonggaoleixingView" >

		SELECT  gonggaoleixing.* FROM gonggaoleixing  gonggaoleixing 	        
        <where> 1=1 ${ew.sqlSegment}</where>
	</select>
	
	<select id="selectView"
		resultType="com.entity.view.GonggaoleixingView" >
		SELECT * FROM gonggaoleixing  gonggaoleixing <where> 1=1 ${ew.sqlSegment}</where>
	</select>
	

</mapper>
