<?xml version="1.0" encoding="UTF-8"?>
<!DOCTYPE mapper PUBLIC "-//mybatis.org//DTD Mapper 3.0//EN" "http://mybatis.org/dtd/mybatis-3-mapper.dtd">

<mapper namespace="com.dao.WupinzulinDao">

	<!-- 可根据自己的需求，是否要使用 -->
    <resultMap type="com.entity.WupinzulinEntity" id="wupinzulinMap">
        <result property="wupinbianhao" column="wupinbianhao"/>
        <result property="wupinmingcheng" column="wupinmingcheng"/>
        <result property="pinpai" column="pinpai"/>
        <result property="wupinleibie" column="wupinleibie"/>
        <result property="wupintupian" column="wupintupian"/>
        <result property="xinjiuchengdu" column="xinjiuchengdu"/>
        <result property="zujin" column="zujin"/>
        <result property="yajin" column="yajin"/>
        <result property="wupinshuliang" column="wupinshuliang"/>
        <result property="zulinshijian" column="zulinshijian"/>
        <result property="wodezhanghao" column="wodezhanghao"/>
        <result property="wodexingming" column="wodexingming"/>
        <result property="wodedianhua" column="wodedianhua"/>
        <result property="yonghuzhanghao" column="yonghuzhanghao"/>
        <result property="yonghuxingming" column="yonghuxingming"/>
        <result property="yonghudianhua" column="yonghudianhua"/>
        <result property="ispay" column="ispay"/>
    </resultMap>

	<select id="selectListVO"
		resultType="com.entity.vo.WupinzulinVO" >
		SELECT * FROM wupinzulin  wupinzulin         
        <where> 1=1 ${ew.sqlSegment}</where>
	</select>
	
	<select id="selectVO"
		resultType="com.entity.vo.WupinzulinVO" >
		SELECT  wupinzulin.* FROM wupinzulin  wupinzulin 	
 		<where> 1=1 ${ew.sqlSegment}</where>
	</select>

    <select id="selectListView"
		resultType="com.entity.view.WupinzulinView" >

		SELECT  wupinzulin.* FROM wupinzulin  wupinzulin 	        
        <where> 1=1 ${ew.sqlSegment}</where>
	</select>
	
	<select id="selectView"
		resultType="com.entity.view.WupinzulinView" >
		SELECT * FROM wupinzulin  wupinzulin <where> 1=1 ${ew.sqlSegment}</where>
	</select>
	

    <select id="selectValue" resultType="map" >
        SELECT ${params.xColumn}, ROUND(sum(${params.yColumn}),1) total FROM wupinzulin
        <where> 1=1 ${ew.sqlSegment}</where>
        group by ${params.xColumn}
        limit 10
    </select>

    <select id="selectTimeStatValue" resultType="map" >
        <if test = 'params.timeStatType == "日"'>
                SELECT DATE_FORMAT(${params.xColumn},'%Y-%m-%d') ${params.xColumn}, sum(${params.yColumn}) total FROM wupinzulin
                <where> 1=1 ${ew.sqlSegment}</where>
                group by DATE_FORMAT(${params.xColumn},'%Y-%m-%d')
        </if>
        <if test = 'params.timeStatType == "月"'>
                SELECT DATE_FORMAT(${params.xColumn},'%Y-%m') ${params.xColumn}, sum(${params.yColumn}) total FROM wupinzulin
                <where> 1=1 ${ew.sqlSegment}</where>
                group by DATE_FORMAT(${params.xColumn},'%Y-%m')
        </if>
        <if test = 'params.timeStatType == "年"'>
                SELECT DATE_FORMAT(${params.xColumn},'%Y') ${params.xColumn}, sum(${params.yColumn}) total FROM wupinzulin
                <where> 1=1 ${ew.sqlSegment}</where>
                group by DATE_FORMAT(${params.xColumn},'%Y')
        </if>
    </select>

    <select id="selectGroup" resultType="map" >
        SELECT ${params.column} , count(1) total FROM wupinzulin
        <where> 1=1 ${ew.sqlSegment}</where>
        group by ${params.column}
        limit 10
    </select>



</mapper>
