<?xml version="1.0" encoding="UTF-8"?>
<!DOCTYPE mapper PUBLIC "-//mybatis.org//DTD Mapper 3.0//EN" "http://mybatis.org/dtd/mybatis-3-mapper.dtd">

<mapper namespace="com.dao.WupinchuzuDao">

	<!-- 可根据自己的需求，是否要使用 -->
    <resultMap type="com.entity.WupinchuzuEntity" id="wupinchuzuMap">
        <result property="biaoti" column="biaoti"/>
        <result property="fengmian" column="fengmian"/>
        <result property="leibie" column="leibie"/>
        <result property="fuwuquyu" column="fuwuquyu"/>
        <result property="lianxiren" column="lianxiren"/>
        <result property="gongsi" column="gongsi"/>
        <result property="sjdz" column="sjdz"/>
        <result property="fatie" column="fatie"/>
        <result property="laiyuan" column="laiyuan"/>
        <result property="detail" column="detail"/>
        <result property="clicktime" column="clicktime"/>
        <result property="clicknum" column="clicknum"/>
    </resultMap>

	<select id="selectListVO"
		resultType="com.entity.vo.WupinchuzuVO" >
		SELECT * FROM wupinchuzu  wupinchuzu         
        <where> 1=1 ${ew.sqlSegment}</where>
	</select>
	
	<select id="selectVO"
		resultType="com.entity.vo.WupinchuzuVO" >
		SELECT  wupinchuzu.* FROM wupinchuzu  wupinchuzu 	
 		<where> 1=1 ${ew.sqlSegment}</where>
	</select>

    <select id="selectListView"
		resultType="com.entity.view.WupinchuzuView" >

		SELECT  wupinchuzu.* FROM wupinchuzu  wupinchuzu 	        
        <where> 1=1 ${ew.sqlSegment}</where>
	</select>
	
	<select id="selectView"
		resultType="com.entity.view.WupinchuzuView" >
		SELECT * FROM wupinchuzu  wupinchuzu <where> 1=1 ${ew.sqlSegment}</where>
	</select>
	

    <select id="selectValue" resultType="map" >
        SELECT ${params.xColumn}, ROUND(sum(${params.yColumn}),1) total FROM wupinchuzu
        <where> 1=1 ${ew.sqlSegment}</where>
        group by ${params.xColumn}
        limit 10
    </select>

    <select id="selectTimeStatValue" resultType="map" >
        <if test = 'params.timeStatType == "日"'>
                SELECT DATE_FORMAT(${params.xColumn},'%Y-%m-%d') ${params.xColumn}, sum(${params.yColumn}) total FROM wupinchuzu
                <where> 1=1 ${ew.sqlSegment}</where>
                group by DATE_FORMAT(${params.xColumn},'%Y-%m-%d')
        </if>
        <if test = 'params.timeStatType == "月"'>
                SELECT DATE_FORMAT(${params.xColumn},'%Y-%m') ${params.xColumn}, sum(${params.yColumn}) total FROM wupinchuzu
                <where> 1=1 ${ew.sqlSegment}</where>
                group by DATE_FORMAT(${params.xColumn},'%Y-%m')
        </if>
        <if test = 'params.timeStatType == "年"'>
                SELECT DATE_FORMAT(${params.xColumn},'%Y') ${params.xColumn}, sum(${params.yColumn}) total FROM wupinchuzu
                <where> 1=1 ${ew.sqlSegment}</where>
                group by DATE_FORMAT(${params.xColumn},'%Y')
        </if>
    </select>

    <select id="selectGroup" resultType="map" >
        SELECT ${params.column} , count(1) total FROM wupinchuzu
        <where> 1=1 ${ew.sqlSegment}</where>
        group by ${params.column}
        limit 10
    </select>



</mapper>
