<?xml version="1.0" encoding="UTF-8"?>
<!DOCTYPE mapper PUBLIC "-//mybatis.org//DTD Mapper 3.0//EN" "http://mybatis.org/dtd/mybatis-3-mapper.dtd">

<mapper namespace="com.dao.YonghuDao">

	<!-- 可根据自己的需求，是否要使用 -->
    <resultMap type="com.entity.YonghuEntity" id="yonghuMap">
        <result property="yonghuzhanghao" column="yonghuzhanghao"/>
        <result property="mima" column="mima"/>
        <result property="yonghuxingming" column="yonghuxingming"/>
        <result property="xingbie" column="xingbie"/>
        <result property="touxiang" column="touxiang"/>
        <result property="yonghudianhua" column="yonghudianhua"/>
        <result property="shenfenzhenghao" column="shenfenzhenghao"/>
    </resultMap>

	<select id="selectListVO"
		resultType="com.entity.vo.YonghuVO" >
		SELECT * FROM yonghu  yonghu         
        <where> 1=1 ${ew.sqlSegment}</where>
	</select>
	
	<select id="selectVO"
		resultType="com.entity.vo.YonghuVO" >
		SELECT  yonghu.* FROM yonghu  yonghu 	
 		<where> 1=1 ${ew.sqlSegment}</where>
	</select>

    <select id="selectListView"
		resultType="com.entity.view.YonghuView" >

		SELECT  yonghu.* FROM yonghu  yonghu 	        
        <where> 1=1 ${ew.sqlSegment}</where>
	</select>
	
	<select id="selectView"
		resultType="com.entity.view.YonghuView" >
		SELECT * FROM yonghu  yonghu <where> 1=1 ${ew.sqlSegment}</where>
	</select>
	

    <select id="selectValue" resultType="map" >
        SELECT ${params.xColumn}, ROUND(sum(${params.yColumn}),1) total FROM yonghu
        <where> 1=1 ${ew.sqlSegment}</where>
        group by ${params.xColumn}
        limit 10
    </select>

    <select id="selectTimeStatValue" resultType="map" >
        <if test = 'params.timeStatType == "日"'>
                SELECT DATE_FORMAT(${params.xColumn},'%Y-%m-%d') ${params.xColumn}, sum(${params.yColumn}) total FROM yonghu
                <where> 1=1 ${ew.sqlSegment}</where>
                group by DATE_FORMAT(${params.xColumn},'%Y-%m-%d')
        </if>
        <if test = 'params.timeStatType == "月"'>
                SELECT DATE_FORMAT(${params.xColumn},'%Y-%m') ${params.xColumn}, sum(${params.yColumn}) total FROM yonghu
                <where> 1=1 ${ew.sqlSegment}</where>
                group by DATE_FORMAT(${params.xColumn},'%Y-%m')
        </if>
        <if test = 'params.timeStatType == "年"'>
                SELECT DATE_FORMAT(${params.xColumn},'%Y') ${params.xColumn}, sum(${params.yColumn}) total FROM yonghu
                <where> 1=1 ${ew.sqlSegment}</where>
                group by DATE_FORMAT(${params.xColumn},'%Y')
        </if>
    </select>

    <select id="selectGroup" resultType="map" >
        SELECT ${params.column} , count(1) total FROM yonghu
        <where> 1=1 ${ew.sqlSegment}</where>
        group by ${params.column}
        limit 10
    </select>



</mapper>
